DeFi Application,Address,Chain
MiniSwap,0x4d953cf077c0c95ba090226e59a18fcf97db44ec,ETH
Mushrooms Finance,0xa283aa7cfbb27ef0cfbcb2493dd9f4330e0fd304,ETH
Solana Farm,0xFEa6aB80cd850c3e63374Bc737479aeEC0E8b9a1,BSC
Morpheus Swap,0xB66b5D38E183De42F21e92aBcAF3c712dd5d6286,Fantom
QAO,0x3402e15b3ea0f1aec2679c4be4c6d051cef93953,ETH
Nidhi-Dao,0x057E0bd9B797f9Eeeb8307B35DbC8c12E534c41E,Polygon
Paladin Finance,0xAB846Fb6C81370327e784Ae7CbB6d6a6af6Ff4BF,ETH
Changex,0x7051faed0775f664a0286af4f75ef5ed74e02754,ETH
AutoShark,0xdd97ab35e3c0820215bc85a395e13671d84ccba2,BSC
Chad Finance,0xcce93540b80abf71b66e0a44fd71e322ce9c4d9e,Fantom
Ribbon,0x6123b0049f904d730db3c36a31167d9d4121fa6b,ETH
Frax,0x3432b6a60d23ca0dfca7761b7ab56459d9c964d0,ETH
Swipe,0x8ce9137d39326ad0cd6491fb5cc0cba0e089b6a9,ETH
Merlin,0xDA360309C59CB8C434b28A91b823344a96444278,BSC
BSCStation,0xbcb24AFb019BE7E93EA9C43B7E22Bb55D5B7f45D,BSC
FlokiFi Locker,0xcf0c122c6b73ff809c693db761e7baebe62b6a2e,ETH
Rubic,0xa4eed63db85311e22df4473f87ccfc3dadcfa3e3,ETH
Bagels Finance,0xbb238fce6e2ee90781cd160c9c6eaf3a4cfad801,BSC
PolyDEX-Cryption Network,0xd1e6354fb05bf72a8909266203dab80947dceccf,Polygon
Pls2e,0x7f9C20c4C09c32478AE10A7543E5199C2F53691d,BSC
ACoconut,0x5B45A9be49c94236E127EFCc601b7e7a1a485d0a,BSC
Dark Matter,0x90e892fed501ae00596448aecf998c88816e5c0f,Fantom
Blitz Labs,0xF376807DcdbAa0d7FA86E7c9EAcC58d11ad710E4,BSC
Based Next Generation,0x1539C63037D95f84A5981F96e43850d1451b6216,Fantom
BSCSwap,0xacc234978a5eb941665fd051ca48765610d82584,BSC
Knit Finance,0xEF53462838000184F35f7D991452e5f25110b207,ETH
Polyroll,0xc68e83a305b0fad69e264a1769a0a070f190d2d6,Polygon
Base Protocol,0x07150e919b4de5fd6a63de1f9384828396f25fdc,ETH
Ultra Protocol,0x0b3f42481c228f70756dbfa0309d3ddc2a5e0f6a,BSC
Gravity Finance,0x874e178a2f3f3f9d34db862453cd756e7eab0381,Polygon
LowcostSwap,0xDBfe47255CbA4A7623985444E730719E9F958E67,BSC
Spiral Finance,0x8C739564345DfCb7e4C7e520B0E8fA142c358a78,Fantom
Proxy,0xab3d689c22a2bb821f50a4ff0f21a7980dcb8591,Polygon
Ottopia,0xC250e9987A032ACAC293d838726C511E6E1C029d,Polygon
ChargeDeFi,0x1C6bc8e962427dEb4106aE06A7fA2d715687395c,BSC
Typhoon Cash,0x79256db1bdb6259315a1a3d7dd237f69cadfd8fc,ETH
EvolutionLand,0x9f284e1337a815fe77d2ff4ae46544645b20c5ff,ETH
Tenet,0x74159651a992952e2bf340d7628459aa4593fc05,ETH
KokomoSwap,0x9a7B87651C6C93cedb831B2B3b5549142a813Cfe,BSC
BarnBridge,0x0391D2021f89DC339F60Fff84546EA23E337750f,ETH
Oddz,0xcd2828fc4d8e8a0ede91bb38cf64b1a81de65bf6,ETH
Cake Monster,0x8a5d7fcd4c90421d21d30fcc4435948ac3618b2f,BSC
Gale,0x627E86E9eC832b59018Bf91456599e752288Aa97,BSC
Winkyverse,0xb160A5F19ebccd8E0549549327e43DDd1D023526,BSC
Team Finance,0xCC4304A31d09258b0029eA7FE63d032f52e44EFe,ETH
Horizon Protocol,0xc0eff7749b125444953ef89682201fb8c6a917cd,BSC
ScareCrow Finance,0x46e1Ee17f51c52661D04238F1700C547dE3B84A1,Fantom
W3swap,0xc5db5afee4c55dfad5f2b8226c6ac882e6956a0a,BSC
OneSwap,0x0b342c51d1592c41068d5d4b4da4a68c0a04d5a4,ETH
Oin Finance,0x9aeB50f542050172359A0e1a25a9933Bc8c01259,ETH
Templar DAO,0x19e6bfc1a6e4b042fb20531244d47e252445df01,BSC
LeagueDAO,0x7b39917f9562c8bc83c7a6c2950ff571375d505d,ETH
Rook,0xfA5047c9c78B8877af97BDcb85Db743fD7313d4a,ETH
StrategyX Finance,0xA5365f2E77bCe1cb2D42F5c808012C01b1548d3C,Fantom
DungeonSwap,0x14c358b573a4cE45364a3DBD84BBb4Dae87af034,BSC
Wombex Finance,0xa75d9ca2a0a1D547409D82e1B06618EC284A2CeD,BSC
BambooDeFi,0xf56842Af3B56Fd72d17cB103f92d027bBa912e89,ETH
Wild Credit,0x403d512ab96103562dcafe4635545e8ee2753f6e,ETH
Metaversepro,0x0a2046C7fAa5a5F2b38C0599dEB4310AB781CC83,BSC
BakerySwap,0xe02df9e3e622debdd69fb838bb799e3f168902c5,BSC
Injective Bridge,0xe28b3b32b6c345a34ff64674606124dd5aceca30,ETH
Stafi,0xef3A930e1FfFFAcd2fc13434aC81bD278B0ecC8d,ETH
PureFi,0xe2a59d5e33c6540e18aaa46bf98917ac3158db0d,BSC
Iron Finance,0x4a81f8796e0c6ad4877a51c86693b0de8093f2ef,Polygon
IQ,0x579cea1889991f68acc35ff5c3dd0621ff29b0c9,ETH
Feeder Finance,0x67d66e8Ec1Fd25d98B3Ccd3B19B7dc4b4b7fC493,BSC
Linear Finance,0x762539b45A1dCcE3D36d080F74d1AED37844b878,BSC
FNDZ,0x7754c0584372D29510C019136220f91e25a8f706,BSC
Elk,0xeEeEEb57642040bE42185f49C52F7E9B38f8eeeE,ETH
Knights of Fantom,0xba36266B6565C96BD77815fa898f403Cc06F64cf,Fantom
Symbiosis Finance,0xd38bb40815d2b0c2d2c866e0c72c5728ffc76dd9,ETH
Metavault.Trade,0x2760E46d9BB43dafCbEcaad1F64b93207f9f0eD7,Polygon
BurgerSwap,0xae9269f27437f0fcbc232d39ec814844a51d6b8f,BSC
Kalata,0x32299c93960bb583a43c2220dc89152391a610c5,BSC
MochiSwap,0x055dab90880613a556a5ae2903b2682f8a5b8d27,BSC
Titano Swych,0x4e3cABD3AD77420FF9031d19899594041C420aeE,BSC
Nemesis DAO,0x8AC9DC3358A2dB19fDd57f433ff45d1fc357aFb3,BSC
Floor Dao,0xf59257E961883636290411c11ec5Ae622d19455e,ETH
Alchemist,0x88acdd2a6425c3faae4bc9650fd7e27e0bebb7ab,ETH
OVR,0x21bfbda47a0b4b5b1248c767ee49f7caa9b23697,ETH
Cook Finance,0xFF75CEd57419bcaEBe5F05254983b013B0646eF5,ETH
Giveth,0x900dB999074d9277c5DA2A43F252D74366230DA0,ETH
EPNS,0xf418588522d5dd018b425E472991E52EBBeEEEEE,ETH
Dogs of Elon,0xf8e9f10c22840b613cda05a0c5fdb59a4d6cd7ef,ETH
NAOS Finance,0x4a615bb7166210cce20e6642a6f8fb5d4d044496,ETH
Ooki,0x0De05F6447ab4D22c8827449EE4bA2D5C288379B,ETH
ForTube,0x1fcdce58959f536621d76f5b7ffb955baa5a672f,ETH
Geyser,0xbEa98c05eEAe2f3bC8c3565Db7551Eb738c8CCAb,ETH
Squid Stake,0xAE61e7dc989718E700C046a2483e93513eDCA484,BSC
Pacoca,0x55671114d774ee99d653d6c12460c780a67f1d18,BSC
Growth DeFi,0x4adae3ad22c4e8fb56d4ae5c7eb3abc0dd2d3379,BSC
Green Planet,0xb3cb6d2f8f2fde203a022201c81a96c167607f15,BSC
Defi Swap,0xa0b73e1ff0b80914ab6fe0444e65848c4c34450b,ETH
Nearpad,0xea7cc765ebc94c4805e3bff28d7e4ae48d06468a,ETH
X2Y2,0x1e4ede388cbc9f4b5c79681b7f94d36a11abebc9,ETH
Vaulty Finance,0x38a5cbe2fb53d1d407dd5a22c4362daf48eb8526,BSC
Tokenlon,0x0000000000095413afc295d19edeb1ad7b71c952,ETH
PinkSwap,0x702b3f41772e321aacCdea91e1FCEF682D21125D,BSC
Zest Protocol,0x2C26617034C840C9412CD67aE0Fc68A6755D00BF,Fantom
Wrapped ILCOIN,0xc98a910ede52e7d5308525845f19e17470dbccf7,ETH
Babylon Finance,0xf4dc48d260c93ad6a96c5ce563e70ca578987c74,ETH
Scarab Finance,0x2e79205648b85485731cfe3025d66cf2d3b059c4,Fantom
Arch Ethereum Web3,0xe8e8486228753E01Dbc222dA262Aa706Bd67e601,ETH
Centrifuge,0xc221b7e65ffc80de234bbb6667abdd46593d34f0,ETH
OraiChain,0x4c11249814f11b9346808179cf06e71ac328c1b5,ETH
PolygonFarm Finance,0xf5EA626334037a2cf0155D49eA6462fDdC6Eff19,Polygon
SYNC Network,0xB6ff96B8A8d214544Ca0dBc9B33f7AD6503eFD32,ETH
GOGOcoin,0xdd2af2e723547088d3846841fbdcc6a8093313d6,Polygon
CerberusDAO,0x8a14897ea5f668f36671678593fae44ae23b39fb,ETH
VampireSwap,0x97058c0B5ff0E0E350e241EBc63b55906a9EADbc,Fantom
Mint Club,0x1f3af095cda17d63cad238358837321e95fc5915,BSC
Perlin,0xeca82185adce47f39c684352b0439f030f860318,ETH
Exodia,0x3b57f3feaaf1e8254ec680275ee6e7727c7413c7,Fantom
Firebird,0xd78c475133731cd54dadcb430f7aae4f03c1e660,Polygon
Popcorn,0xd0cd466b34a24fcb2f87676278af2005ca8a78c4,ETH
Frax Ether,0x5E8422345238F34275888049021821E8E08CAa1f,ETH
The Sandbox,0x3845badAde8e6dFF049820680d1F14bD3903a5d0,ETH
0x NODES,0xaaca86b876ca011844b5798eca7a67591a9743c8,ETH
DAO Swap,0x0f51bb10119727a7e5ea3538074fb341f56b09ad,ETH
ZodiacDAO,0x98051143830fa99848e7059e97acb03b3cc62403,BSC
Dev Protocol,0x5caf454ba92e6f2c929df14667ee360ed9fd5b26,ETH
UnoRe,0x474021845C4643113458ea4414bdb7fB74A01A77,BSC
Ripae,0x8a41f13a4FaE75ca88B1ee726ee9D52B148b0498,Fantom
Convex Finance,0x4e3fbd56cd56c3e72c1403e103b45db9da5b9d2b,ETH
CashCow Finance,0xf823f18d13df1ffdced206708d389dd455bb802b,BSC
Defirex,0x74b3abb94e9e1ecc25bd77d6872949b4a9b2aacf,BSC
ApolloX,0x78F5d389F5CDCcFc41594aBaB4B0Ed02F31398b3,BSC
Dystopia,0x39aB6574c289c3Ae4d88500eEc792AB5B947A5Eb,Polygon
RFOX,0x0a3a21356793b49154fd3bbe91cbc2a16c0457f5,BSC
Buffaloswap,0x10a49f1fc8c604ea7f1c49bcc6ab2a8e58e77ea5,BSC
Bearn,0x81859801b01764d4f0fa5e64729f5a6c3b91435b,BSC
FFIST,0x80121DA952A74c06adc1d7f85A237089b57AF347,BSC
LeetSwap,0x94dAC4a3Ce998143aa119c05460731dA80ad90cf,BASE
Twindex,0x41171d5770c4c68686d1af042ada88a45b02f82b,BSC
Magik Finance AlgoStable,0x87a5c9b60a3aaf1064006fe64285018e50e0d020,Fantom
LendFlare,0xB620Be8a1949AA9532e6a3510132864EF9Bc3F82,ETH
Giza DAO,0x3389492f36642f27F7bF4a7749fb3FC2c8fbB7EE,Fantom
MahaDAO Arth,0xb4d930279552397bba2ee473229f89ec245bc365,ETH
ChainPort,0x104f3152d8ebfc3f679392977356962ff36566ac,ETH
Hermes Defi,0xdab35042e63e93cc8556c9bae482e5415b5ac4b1,Polygon
Devil Finance,0x174c7106AEeCdC11389f7dD21342F05f46CCB40F,Fantom
Bent Finance,0x01597e397605bf280674bf292623460b4204c375,ETH
Rubik Finance,0xA4Db7f3b07c7Bf1b5E8283Bf9e8aA889569fc2e7,Fantom
CryptoSwap,0xcC4b3EA1F25c8772D390dA1DB507832aBE4a9740,BSC
LUSD ChickenBonds,0xB9D7DdDca9a4AC480991865EfEf82E01273F79C3,ETH
WardenSwap,0x0feadcc3824e7f3c12f40e324a60c23ca51627fc,BSC
dYdX,0x92d6c1e31e14520e676a687f0a93788b716beff5,ETH
Beta Finance,0xbe1a001fe942f96eea22ba08783140b9dcc09d28,ETH
ETHA Lend,0x59e9261255644c411afdd00bd89162d09d862e38,ETH
AtmosSoft,0xC53C65C4A925039cC149fA99fD011490D40270a3,BSC
BITPIF,0x5197fbe1a86679ff1360e27862bf88b0c5119bd8,ETH
Stader,0x30d20208d987713f46dfd34ef128bb16c404d10f,ETH
Demodyfi,0x002d8563759f5e1eaf8784181f3973288f6856e4,BSC
Beanstalk,0xBEA0000029AD1c77D3d5D23Ba2D8893dB9d1Efab,ETH
Oni Exchange,0x6c77BB19C69d66bEA9E3CDAea108A76eA8D2Fd2A,BSC
Rabbit Finance,0x95a1199eba84ac5f19546519e287d43d2f0e1b41,BSC
Varen,0x72377f31e30a405282b522d588aebbea202b4f23,ETH
Nerve Network,0xf0e406c49c63abf358030a299c0e00118c4c6ba5,BSC
Reflexer,0x6243d8cea23066d098a15582d81a598b4e8391f4,ETH
Antimatter,0x9B99CcA871Be05119B2012fd4474731dd653FEBe,ETH
KLend,0xf95995d642c652e9a7d124d546a7bdf297c6d0fb,BSC
Coinswap Space,0x3bc5798416c1122bcfd7cb0e055d50061f23850d,BSC
Monster,0x152888854378201e173490956085c711f1DeD565,Fantom
MiniVerse Finance,0x57976c467608983513c9355238dc6de1b1abbcca,Fantom
KACO Finance,0xf96429A7aE52dA7d07E60BE95A3ece8B042016fB,BSC
ACryptoS,0x4197c6ef3879a08cd51e5560da5064b773aa1d29,BSC
PowerPool,0x38e4adb44ef08f22f5b5b76a8f0c2d0dcbe7dca1,ETH
Tokemak,0x2e9d63788249371f1dfc918a52f8d799f4a38c94,ETH
RetroDefi,0xa6e53f07bD410df069e20Ced725bdC9135146Fe9,BSC
XCarnival,0x493CbBd4A5da462E3dbc3E5c8e2A1E37D1D03CAc,ETH
ApeSwap Lending,0x603c7f932ed1fc6575303d8fb018fdcbb0f39a95,BSC
SandClock,0xbA8A621b4a54e61C442F5Ec623687e2a942225ef,ETH
MixSwap Finance,0xb8b9e96e9576af04480ff26ee77d964b1996216e,BSC
PEAKDEFI,0x630d98424efe0ea27fb1b3ab7741907dffeaad78,ETH
SoulSwap,0xe2fb177009ff39f52c0134e8007fa0e4baacbd07,Fantom
Armor,0x1337def16f9b486faed0293eb623dc8395dfe46a,ETH
Sunrise Gaming,0x692aCCdD8b86692427E0aa4752AE917Df01CC56F,ETH
Dopex,0xeec2be5c91ae7f8a338e1e5f3b5de49d07afdc81,ETH
Premia,0x6399c842dd2be3de30bf99bc7d1bbf6fa3650e70,ETH
Goldfinch,0xdab396ccf3d84cf2d07c4454e10c8a6f5b008d2b,ETH
Rhino.fi,0xdddddd4301a082e62e84e43f474f044423921918,ETH
O3 Swap,0xee9801669c6138e84bd50deb500827b776777d28,ETH
Planet Farm,0x72b7d61e8fc8cf971960dd9cfa59b8c829d91991,BSC
Raven,0x175cbf2809acfd7521fdd387d65aac523fe4076f,Fantom
PantherSwap,0x1f546ad641b56b86fd9dceac473d1c7a357276b7,BSC
Suterusu,0xaa2ce7ae64066175e0b90497ce7d9c190c315db4,ETH
NFT20,0xb6ca7399b4f9ca56fc27cbff44f4d2e4eef1fc81,ETH
Unbound,0x8db253a1943dddf1af9bcf8706ac9a0ce939d922,ETH
OnX Finance,0xE0aD1806Fd3E7edF6FF52Fdb822432e847411033,ETH
Metavault DAO,0x788B6D2B37Aa51D916F2837Ae25b05f0e61339d1,ETH
Sculptor Finance,0xAd3E02e83b886543D1171FF446C130D52068C106,BSC
Gaj Finance,0xf4b0903774532aee5ee567c02aab681a81539e92,Polygon
Bunny,0xc9849e6fdb743d08faee3e34dd2d1bc69ea11a51,BSC
OpenLeverage,0x92cfbec26c206c90aee3b7c66a9ae673754fab7e,ETH
KawaiiSwap,0x9e236b43D779B385c3279820e322ABAE249D3405,BSC
PearZap,0xdf7c18ed59ea738070e665ac3f5c258dcc2fbad8,BSC
FutureSwap,0x0e192d382a36de7011f795acc4391cd302003606,ETH
LuckyChip,0x6012c3a742f92103d238f1c8306cf8fbcdeca8b3,BSC
Nsure,0x20945ca1df56d237fd40036d47e866c7dccd2114,ETH
ApeX Protocol,0x52a8845df664d76c69d2eea607cd793565af42b8,ETH
KillSwitch,0x270178366a592ba598c2e9d2971da65f7baa7c86,BSC
StakeWise,0x48c3399719b582dd63eb5aadf12a40b4c3f52fa2,ETH
Summit Defi,0x8f9bccb6dd999148da1808ac290f2274b13d7994,Fantom
Governor DAO,0x515d7E9D75E2b76DB60F8a051Cd890eBa23286Bc,ETH
Deri Protocol,0xe60eaf5A997DFAe83739e035b005A33AfdCc6df5,BSC
H2Odata,0xa5b947687163fe88c3e6af5b17ae69896f4abccf,ETH
GoodDollar,0x67C5870b4A41D4Ebef24d2456547A03F1f3e094B,ETH
ICHI Farm,0x903bef1736cddf2a537176cf3c64579c3867a881,ETH
Concentrator,0xb3Ad645dB386D7F6D753B2b9C3F4B853DA6890B8,ETH
APWine,0x4104b135dbc9609fc1a9490e61369036497660c8,ETH
PieDAO,0xad32A8e6220741182940c5aBF610bDE99E737b2D,ETH
WOWswap,0x4DA996C5Fe84755C80e108cf96Fe705174c5e36A,BSC
Tranche Finance,0x0aee8703d34dd9ae107386d3eff22ae75dd616d1,ETH
MoonLift,0x9d7c580e0bc4ea441db96eebc7e1440d264bce51,BSC
NewDex,0x996f56299a5b7c4f825a44886e07dafc4660b794,BSC
Aladdin DAO,0xb26C4B3Ca601136Daf98593feAeff9E0CA702a8D,ETH
Syrup Finance,0xDeF49c195099E30E41B2df7dAd55E0BbBe60A0C5,BSC
Redacted Protocol,0xc55126051B22eBb829D00368f4B12Bde432de5Da,ETH
Yoshi Exchange,0x3dc57B391262e3aAe37a08D91241f9bA9d58b570,Fantom
Orion Protocol,0x0258f474786ddfd37abce6df6bbb1dd5dfc4434a,ETH
Alkemi,0x6C16119B20fa52600230F074b349dA3cb861a7e3,ETH
Potluck Protocol,0x49894fcc07233957c35462cfc3418ef0cc26129f,Fantom
CashCow Protocol,0xe5bd6c5b1c2df8f499847a545838c09e45f4a262,BSC
Penrose,0x9008d70a5282a936552593f410abcbce2f891a97,Polygon
zLot,0xA8e7AD77C60eE6f30BaC54E2E7c0617Bd7B5A03E,ETH
ChickenSwap,0xE63684BcF2987892CEfB4caA79BD21b34e98A291,ETH
Bitindi Staking,0x77fc65dedA64f0CCA9e3aEa7b9D8521f4151882e,BSC
xSigma,0x7777777777697cfeecf846a76326da79cc606517,ETH
Unilend,0x0202be363b8a4820f3f4de7faf5224ff05943ab1,ETH
Lido,0x5a98fcbea516cf06857215779fd812ca3bef1b32,ETH
S Finance,0x8a6ACA71A218301c7081d4e96D64292D3B275ce0,ETH
Annex,0x98936Bde1CF1BFf1e7a8012Cee5e2583851f2067,BSC
Basis Cash,0x3449fc1cd036255ba1eb19d65ff4ba2b8903a69a,ETH
TopShelf,0x33333ee26a7d02e41c33828B42Fb1E0889143477,Fantom
Hectagon,0x343915085b919fbd4414F7046f903d194c6F60EE,BSC
Beefy,0xca3f508b8e4dd382ee878a314789373d80a5190a,BSC
DeFiner,0x054f76beed60ab6dbeb23502178c52d6c5debe40,ETH
Wisteria Swap,0xaadff17d56d80312b392ced903f3e8dbe5c3ece7,BSC
Gro,0x3ec8798b81485a254928b70cda1cf0a2bb0b74d7,ETH
MakerDAO,0x9f8f72aa9304c8b593d555f12ef6589cc3a579a2,ETH
Mars Poolin,0x66C0DDEd8433c9EA86C8cf91237B14e10b4d70B7,ETH
Mover,0x3fa729b4548becbad4eab6ef18413470e6d5324c,ETH
Crystl Finance,0x76bF0C28e604CC3fE9967c83b3C3F31c213cfE64,Polygon
Iron Bank,0x00a35FD824c717879BF370E70AC6868b95870Dfb,Fantom
BabySwap,0x53e562b9b7e5e94b81f10e96ee70ad06df3d2657,BSC
Siren,0xD23Ac27148aF6A2f339BD82D0e3CFF380b5093de,ETH
DDDX,0x4B6ee8188d6Df169E1071a7c96929640D61f144f,BSC
Antex,0xca1acab14e85f30996ac83c64ff93ded7586977c,BSC
MiniPanther DAO,0x3264810174f577F82DDD4FD08818F368AC363505,Fantom
BloXmove,0x38d9eb07a7b8df7d86f440a4a5c4a4c1a27e1a08,ETH
MCDEX,0x4e352cf164e64adcbad318c3a1e222e9eba4ce42,ETH
Helio Protocol,0x0782b6d8c4551B9760e74c0545a9bCD90bdc41E5,BSC
Bright Union,0xbeab712832112bd7664226db7cd025b153d3af55,ETH
KEEP Network,0x8dAEBADE922dF735c38C80C7eBD708Af50815fAa,ETH
Polly Finance,0x4C392822D4bE8494B798cEA17B43d48B2308109C,Polygon
CougarSwap,0x26d88b1e61e22da3f1a1ba95a1ba278f6fcef00b,BSC
CobraSwap,0x2c449ba613873e7b980faf2b686207d7bd205541,BSC
CapitalDEX,0xf56b164efd3cfc02ba739b719b6526a6fa1ca32a,ETH
FinNexus,0xef9cd7882c067686691b6ff49e650b43afbbcc6b,ETH
unFederalReserve,0x5218e472cfcfe0b64a064f055b43b4cdc9efd3a6,ETH
Cranium Exchange,0xfa5992A8A47aF7029e04eC6a95203AD3f301460b,Fantom
Atlantis Loans,0x1fd991fb6c3102873ba68a4e6e6a87b3a5c10271,BSC
DerivaDEX,0x3a880652f47bfaa771908c07dd8673a787daed3a,ETH
RingFi,0x021988d2c89b1A9Ff56641b2F247942358FF05c9,BSC
ProtoFi,0xa23c4e69e5Eaf4500F2f9301717f12B578b948FB,Fantom
Cryptex Finance,0x321C2fE4446C7c963dc41Dd58879AF648838f98D,ETH
Tidal Finance,0xB41EC2c036f8a42DA384DDE6ADA79884F8b84b26,Polygon
Solidly,0x888ef71766ca594ded1f0fa3ae64ed2941740a20,Fantom
Rikkei Finance,0xe17fbdf671f3cce0f354cacbd27e03f4245a3ffe,BSC
The Parallel,0xd07e82440a395f3f3551b42da9210cd1ef4f8b24,BSC
Nomiswap,0xd32d01a43c869edcd1117c640fbdcfcfd97d9d65,BSC
Uwerx,0x4306B12F8e824cE1fa9604BbD88f2AD4f0FE3c54,ETH
Ellipsis Finance,0xA7f552078dcC247C2684336020c03648500C6d9F,BSC
Ape Finance,0x4332f8A38f14BD3D8D1553aF27D7c7Ac6C27278D,ETH
0x,0xe41d2489571d322189246dafa5ebde1f4699f498,ETH
Klondike Finance,0xbf15797bb5e47f6fb094a4abdb2cfc43f77179ef,ETH
Poopsicle,0x070eb1a48725622de867a7e3d1dd4f0108966ed1,Fantom
Homora V2,0xa1faa113cbe53436df28ff0aee54275c13b40975,ETH
Nexus Mutual,0xd7c49cee7e9188cca6ad8ff264c1da2e69d4cf3b,ETH
Bumper Finance,0x785c34312dfa6b74f6f1829f79ade39042222168,ETH
MagnateFi,0x2DC1cDa9186a4993bD36dE60D08787c0C382BEAD,BASE
DefiDollar DAO,0x20c36f062a31865bed8a5b1e512d9a1a20aa333a,ETH
1inch Network,0x111111111117dc0aa78b770fa6a738034120c302,ETH
Hundred Finance,0x10010078a54396f62c96df8532dc2b4847d47ed3,ETH
Convergence,0xc834fa996fa3bec7aad3693af486ae53d8aa8b50,ETH
Alita Finance,0x557233E794d1a5FbCc6D26dca49147379ea5073c,BSC
BlackPool,0x0eC9F76202a7061eB9b3a7D6B59D36215A7e37da,ETH
Big Data Protocol,0xf3dcbc6d72a4e1892f7917b7c43b74131df8480e,ETH
Tranchess,0x20de22029ab63cf9A7Cf5fEB2b737Ca1eE4c82A6,BSC
Fegex,0x389999216860ab8e0175387a0c90e5c52522c945,ETH
Sphere Finance,0x62f594339830b90ae4c084ae7d223ffafd9658a7,Polygon
Universe Finance,0xe4b5936dce1820f84509c89cce0f28c87988bad8,ETH
LemonSwap,0x9477477CdDC4A05419A402A9754725Bc9Ee6a40e,BSC
SafeOHM,0xBDaa094a95e452c6bA175cE9EdfeFBa04e6a51Ac,BSC
Axia Protocol,0x793786e2dd4cc492ed366a94b88a3ff9ba5e7546,ETH
Jarvis Network,0x8a9c67fee641579deba04928c4bc45f66e26343a,ETH
DeHive,0x62dc4817588d53a056cbbd18231d91ffccd34b2a,ETH
Spartan,0x3910db0600ea925f63c36ddb1351ab6e2c6eb102,BSC
TEN Finance,0xd15c444f1199ae72795eba15e8c1db44e47abf62,BSC
Animal Farm V2,0x9a3321E1aCD3B9F6debEE5e042dD2411A1742002,BSC
dHEDGE,0xca1207647ff814039530d7d35df0e1dd2e91fa84,ETH
Polygon Bridge & Staking,0x7d1afa7b718fb893db30a3abc0cfc608aacfebb0,ETH
The Open DAO SOS,0x3b484b82567a09e2588A13D54D032153f0c0aEe0,ETH
Autofarm,0xa184088a740c695e156f91f5cc086a06bb78b827,BSC
Umbria Network,0xa4bbe66f151b22b167127c770016b15ff97dd35c,ETH
Nacho Finance,0xcD86152047e800d67BDf00A4c635A8B6C0e5C4c2,Polygon
SakePerp,0x066798d9ef0833ccc719076dab77199ecbd178b0,ETH
Swarm Markets,0xb17548c7b510427baac4e267bea62e800b247173,ETH
Golff Protocol,0x488e0369f9bc5c40c002ea7c1fe4fd01a198801c,ETH
88mph,0x8888801af4d980682e47f1a9036e589479e835c5,ETH
MarginSwap,0xaa4e3edb11afa93c41db59842b29de64b72e355b,ETH
Wombat Exchange,0xad6742a35fb341a9cc6ad674738dd8da98b94fb1,BSC
Aquarius,0x0f7ADb77B6334B9B5A3c4f78aAa073eA1D915bF6,Fantom
Drops,0x6bB61215298F296C55b19Ad842D3Df69021DA2ef,ETH
JPEG'd,0xe80c0cd204d654cebe8dd64a4857cab6be8345a3,ETH
Bancor V3,0x1f573d6fb3f13d689ff844b4ce37794d79a7ff1c,ETH
Channels Finance,0xdE9a73272BC2F28189CE3c243e36FaFDA2485212,BSC
cVault Finance,0x62359ed7505efc61ff1d56fef82158ccaffa23d7,ETH
Augmented Finance,0xb3ed706b564bba9cab64042f4e1b391be7bebce5,ETH
Hodltree,0xDea67845A51E24461D5fED8084E69B426AF3D5Db,ETH
MetalSwap,0x3E5D9D8a63CC8a88748f229999CF59487e90721e,ETH
Derify Protocol,0x89C1Af791d7B4cf046Dca8Fa10a41Dd2298A6a3F,BSC
Energiswap,0x1416946162b1c2c871a73b07e932d2fb6c932069,ETH
BoringDAO,0xbc19712feb3a26080ebf6f2f7849b417fdd792ca,ETH
Ambire Wallet,0x88800092ff476844f74dc2fc427974bbee2794ae,ETH
mStable CDP,0xa3BeD4E1c75D00fa6f4E5E6922DB7261B5E9AcD2,ETH
Unslashed,0xe0e05c43c097b0982db6c9d626c4eb9e95c3b9ce,ETH
APY Finance,0x95a4492F028aa1fd432Ea71146b433E7B4446611,ETH
Illuvium,0x767fe9edc9e0df98e07454847909b5e959d7ca0e,ETH
Bear Finance,0x3b1a7770A8c97dCB21c18a2E18D60eF1B01d6DeC,Fantom
IDEX,0xb705268213d593b8fd88d3fdeff93aff5cbdcfae,ETH
TrueFi,0x4c19596f5aaff459fa38b0f7ed92f11ae6543784,ETH
BT.Finance,0x76c5449f4950f6338a393f53cda8b53b0cd3ca3a,ETH
Infinity Pad,0xf07dfc2ad28ab5b09e8602418d2873fcb95e1744,BSC
Waka Finance,0xf61ccde1d4bb76ced1daa9d4c429cca83022b08b,Fantom
Ouchi Finance,0xDe52a16C6DB7914e6953E27A7df4Ce6A315f8b45,ETH
Axelar,0x467719ad09025fcc6cf6f8311755809d45a5e5f3,ETH
SmartPad,0x5067006F830224960Fb419D7f25a3a53e9919BB0,ETH
Fei Protocol,0xc7283b66eb1eb5fb86327f08e1b5816b0720212b,ETH
SMBSwap,0x7a364484303B38Bce7B0ab60a20DA8F2F4370129,BSC
AnchorSwap,0x4aac18De824eC1b553dbf342829834E4FF3F7a9F,BSC
Baker Guild,0xfe27133f2e8c8539363883d914bccb4b21ebd28a,Fantom
Ubiquity DAO,0x4e38d89362f7e5db0096ce44ebd021c3962aa9a0,ETH
Maple,0x33349b282065b0284d756f0577fb39c158f935e6,ETH
Tornado Cash,0x77777feddddffc19ff86db637967013e6c6a116c,ETH
Smoothy,0xbf776e4fca664d791c4ee3a71e2722990e003283,ETH
SushiSwap,0x6b3595068778dd592e39a122f4f5a5cf09c90fe2,ETH
Meme Dollar,0x02814F435dD04e254Be7ae69F61FCa19881a780D,ETH
Ferrum,0xe5caef4af8780e59df925470b050fb23c43ca68c,ETH
Gravis Finance,0x190cec0657a02e9eab1c1df5d59f9139131cf539,BSC
Spherium,0x8a0cdfab62ed35b836dc0633482798421c81b3ec,ETH
0xDAO,0xc165d941481e68696f43EE6E99BFB2B23E0E3114,Fantom
Niob Finance,0x5ac5e6Af46Ef285B3536833E65D245c49b608d9b,BSC
handle.fi,0xdb298285fe4c5410b05390ca80e8fbe9de1f259b,ETH
SquidDao,0x21ad647b8f4fe333212e735bfc1f36b4941e6ad2,ETH
pNetwork,0x89ab32156e46f46d02ade3fecbe5fc4243b9aaed,ETH
MM Optimizer Polygon,0x859a50979fdB2A2fD8Ba1AdCC66977C6f6b1CD5B,Polygon
LuaSwap,0xb1f66997a5760428d3a87d68b90bfe0ae64121cc,ETH
JustMoney,0x388D819724dD6d71760A38F00dc01D310d879771,BSC
SpiritSwap AMM,0x5cc61a78f164885776aa610fb0fe1257df78e59b,Fantom
Ester Finance,0x181f3f22c9a751e2ce673498a03e1fdfc0ebbfb6,Fantom
MOBOX,0x3203c9e46ca618c8c1ce5dc67e7e9d75f5da2377,BSC
Dino.Exchange,0xf317932ee2c30fa5d0e14416775977801734812d,BSC
Rari Capital,0xD291E7a03283640FDc51b121aC401383A46cC623,ETH
RobiniaSwap,0xAfAEEe58a58867c73245397C0F768FF041D32d70,BSC
Jade Protocol,0x7ad7242A99F21aa543F9650A56D141C57e4F6081,BSC
Hakka Finance,0x0E29e5AbbB5FD88e28b2d355774e73BD47dE3bcd,ETH
SpectreFi,0x2834d4F4cC40bd7D78c07E2D848358364222C272,Fantom
NFTb,0xde3dbbe30cfa9f437b293294d1fd64b26045c71a,BSC
PolyShield,0xf239e69ce434c7fb408b05a0da416b14917d934e,Polygon
Sommelier,0xa670d7237398238de01267472c6f13e5b8010fd1,ETH
Nasdex,0xE8d17b127BA8b9899a160D9a07b69bCa8E08bfc6,Polygon
CryptoBlades,0x154a9f9cbd3449ad22fdae23044319d6ef2a1fab,BSC
PERI Finance,0x5d30ad9c6374bf925d0a75454fa327aacf778492,ETH
TreeDefi,0x40b34cc972908060d6d527276e17c105d224559d,BSC
Comet Finance,0xbeBB20cD6364998b8cAfc3d6B86f1ca6363fF910,Fantom
GemMine,0x1e2a499fAefb88B2d085d7036f3f7895542b09De,Fantom
Capital DAO,0x3c48ca59bf2699e51d4974d4b6d284ae52076e5e,ETH
Strike,0x74232704659ef37c08995e386a2e26cc27a8d7b1,ETH
Fastyield Finance,0x0299461eE055bbb6dE11fAfE5a0636A0C3Bd5E8d,Fantom
stake.link,0xa95c5ebb86e0de73b4fb8c47a45b792cfea28c23,ETH
Asgard Finance,0x0dc5189ec8cde5732a01f0f592e927b304370551,ETH
Bogged Finance,0xb09fe1613fe03e7361319d2a43edc17422f36b09,BSC
Defi Yield Protocol,0x961c8c0b1aad0c0b10a51fef6a867e3091bcef17,ETH
Kimochi,0x4da95bd392811897cde899d25face253a424bfd4,BSC
Scientix,0x2CFC48CdFea0678137854F010b5390c5144C0Aa5,BSC
UniCrypt,0xadb2437e6f65682b85f814fbc12fec0508a7b1d0,ETH
Radial,0x79360aF49edd44F3000303ae212671ac94bB8ba7,Fantom
YieldFields,0x04d50c032f16a25d1449ef04d893e95bcc54d747,BSC
Nest Protocol Staking,0x04abeda201850ac0124161f037efd70c74ddc74c,ETH
SumSwap,0x043c308bb8a5ae96d0093444be7f56459f1340b1,ETH
Flashstake OLD,0x20398ad62bb2d930646d45a6d4292baa0b860c1f,ETH
Coffin Finance,0x593ab53baffaf1e821845cf7080428366f030a9c,Fantom
Guard-Helmet,0x948d2a81086A075b3130BAc19e4c6DEe1D2E3fE8,Polygon
Quickswap V3,0xb5c064f955d8e7f38fe0460c556a72987494ee17,Polygon
Dibs Money,0xfd81ef21ea7cf1dc00e9c6dd261b4f3be0341d5c,BSC
Revault,0x4fdd92bd67acf0676bfc45ab7168b3996f7b4a3b,BSC
Level Finance,0xB64E280e9D1B5DbEc4AcceDb2257A87b400DB149,BSC
Polkaswap,0x519c1001d550c0a1dae7d1fc220f7d14c2a521bb,ETH
ShiroSwap,0x4ddba615a7F6ee612d3a23C6882B698dFBbef7E7,BSC
Revoluzion,0x7d89c67d3c4e72e8c5c64be201dc225f99d16aca,BSC
Sapphire Defi,0xfa7d8c3CccC90c07c53feE45A7a333CEC40B441B,Fantom
Definix,0x0f02b1f5af54e04fb6dd6550f009ac2429c4e30d,BSC
BunnyPark,0xACB8f52DC63BB752a51186D1c55868ADbFfEe9C1,BSC
UniTrade,0x6f87d756daf0503d08eb8993686c7fc01dc44fb1,ETH
Abracadabra,0x090185f2135308bad17527004364ebcc2d37e5f6,ETH
Integral,0xd502f487e1841fdc805130e13eae80c61186bc98,ETH
Notional,0xcfeaead4947f0705a14ec42ac3d44129e1ef3ed5,ETH
PULI,0xaef0a177c8c329cbc8508292bb7e06c00786bbfc,BSC
Carson,0x0aCD5019EdC8ff765517e2e691C5EeF6f9c08830,BSC
Dfyn Network,0xc168e40227e4ebd8c1cae80f7a55a4f0e6d66c97,Polygon
MyTrade,0x4535E52cdF3AB787B379b7b72B5990767E6747E4,Polygon
Waterfall BSC,0xFdf36F38F5aD1346B7f5E4098797cf8CAE8176D0,BSC
Interest Protocol,0x2a54ba2964c8cd459dc568853f79813a60761b58,ETH
Hegic,0x584bC13c7D411c00c01A62e8019472dE68768430,ETH
Brokoli Network,0x4674a4f24c5f63d53f22490fb3a08eaaad739ff8,ETH
OpenOcean,0x9029fdfae9a03135846381c7ce16595c3554e10a,BSC
Venus,0xcf6bb5389c92bdda8a3747ddb454cb7a64626c63,BSC
BullionFX,0xb439b8731ee047799019ef0b745a51d256b116af,ETH
Polycat Dex,0x3a3df212b7aa91aa0402b9035b098891d276572b,Polygon
Harvest Finance,0xa0246c9032bC3A600820415aE600c6388619A14D,ETH
Aavegotchi,0x3F382DbD960E3a9bbCeaE22651E88158d2791550,ETH
Phuture,0xE1Fc4455f62a6E89476f1072530C20CF1A0622dA,ETH
Unizen,0xc52c326331e9ce41f04484d3b5e5648158028804,ETH
citaDAO,0x3541A5C1b04AdABA0B83F161747815cd7B1516bC,ETH
StrikeX,0xd6fdde76b8c1c45b33790cc8751d5b88984c44ec,BSC
Idle Finance,0x875773784Af8135eA0ef43b5a374AaD105c5D39e,ETH
OCP Finance,0x3c70260eee0a2bfc4b375feb810325801f289fbd,BSC
DeltaTheta,0x3a06212763caf64bf101daa4b0cebb0cd393fa1a,BSC
ShadeCash,0x3a3841f5fa9f2c283ea567d5aeea3af022dd2262,Fantom
Bolide,0x766AFcf83Fd5eaf884B3d529b432CA27A6d84617,BSC
Alpaca Finance,0x8f0528ce5ef7b51152a59745befdd91d97091d2f,BSC
CryptEx Locker,0x97a30C692eCe9C317235d48287d23d358170FC40,BSC
Octane Finance,0x5416AB2B4B5a40F740B67a83dc5939591B5c08BE,BSC
The Tokenized Bitcoin,0x3212b29E33587A00FB1C83346f5dBFA69A458923,ETH
CafeSwap,0x790be81c3ca0e53974be2688cdb954732c9862e1,BSC
Based V1,0x8D7d3409881b51466B483B11Ea1B8A03cdEd89ae,Fantom
Instrumental Finance,0x0edf9bc41bbc1354c70e2107f80c42cae7fbbca8,ETH
Strudel Finance,0x297d33e17e61c2ddd812389c2105193f8348188a,ETH
Entropyfi,0x28accA4ed2F6186c3D93e20e29e6e6a9Af656341,Polygon
Badger DAO,0x3472A5A71965499acd81997a54BBA8D852C6E53d,ETH